forme,prenom,nature
JN,JEAN,abreviation
JNE,JEANNE,abreviation
JQ,JACQUES,abreviation
JACQ,JACQUES,abreviation
JPH,JOSEPH,abreviation
JOSPH,JOSEPH,abreviation
FOIS,FRANCOIS,abreviation
FCOIS,FRANCOIS,abreviation
FOISE,FRANCOISE,abreviation
FSE,FRANCOISE,abreviation
MIE,MARIE,abreviation
MGTE,MARGUERITE,abreviation
MGUERITE,MARGUERITE,abreviation
PRE,PIERRE,abreviation
CHLES,CHARLES,abreviation
BTE,BAPTISTE,abreviation
BAPT,BAPTISTE,abreviation
LS,LOUIS,abreviation
NAS,NICOLAS,abreviation
GME,GUILLAUME,abreviation
GUILL,GUILLAUME,abreviation
ANT,ANTOINE,abreviation
ETNE,ETIENNE,abreviation
CATH,CATHERINE,abreviation
ELISAB,ELISABETH,abreviation
JULN,JULIEN,abreviation
JOANNES,JEAN,latin
JOHANNES,JEAN,latin
IOANNES,JEAN,latin
JOANNA,JEANNE,latin
JOHANNA,JEANNE,latin
MARIA,MARIE,latin
PETRUS,PIERRE,latin
JACOBUS,JACQUES,latin
JOSEPHUS,JOSEPH,latin
FRANCISCUS,FRANCOIS,latin
FRANCISCA,FRANCOISE,latin
LUDOVICUS,LOUIS,latin
GUILLELMUS,GUILLAUME,latin
GULIELMUS,GUILLAUME,latin
CAROLUS,CHARLES,latin
NICOLAUS,NICOLAS,latin
ANNA,ANNE,latin
MARGARITA,MARGUERITE,latin
CATHARINA,CATHERINE,latin
ELISABETHA,ELISABETH,latin
MICHAEL,MICHEL,latin
STEPHANUS,ETIENNE,latin
ANTONIUS,ANTOINE,latin
RENATUS,RENE,latin
RENATA,RENEE,latin
JULIANUS,JULIEN,latin
MATHURINUS,MATHURIN,latin
YVO,YVES,latin
IVO,YVES,latin
PAULUS,PAUL,latin
MARTINUS,MARTIN,latin
LAURENTIUS,LAURENT,latin
JULIANA,JULIENNE,latin
PERRINA,PERRINE,latin
JEHAN,JEAN,ancienne
JEHANNE,JEANNE,ancienne
LOYS,LOUIS,ancienne
MARYE,MARIE,ancienne
ESTIENNE,ETIENNE,ancienne
ISABEAU,ISABELLE,ancienne
